scenario,algorithm,run,num_uavs,num_waypoints,best_cost,path_length,collision_count,collision_penetration,separation_violation,separation_deficit,smoothness,energy_proxy,success,execution_time
S1,PSO,1,1,1,101.67063782602317,99.72825777757528,0,0.0,0,0.0,0.9711900242239453,99.87393628120887,1,3.714695930480957
S1,PSO,2,1,1,97.80975647214197,96.16906899971251,0,0.0,0,0.0,0.8203437362147321,96.29212056014472,1,1.960015058517456
S1,PSO,3,1,1,101.6706619634708,99.7282789909322,0,0.0,0,0.0,0.9711914862693052,99.8739577138726,1,1.2478652000427246
S1,PSO,4,1,1,101.67065240198919,99.72827039780901,0,0.0,0,0.0,0.9711910020900868,99.87394904812253,1,0.731849193572998
S1,PSO,5,1,1,97.80979876266117,96.16910632932687,0,0.0,0,0.0,0.8203462166671524,96.29215826182694,1,0.7329106330871582
S1,PSO,6,1,1,101.6706730912765,99.72828800912325,0,0.0,0,0.0,0.9711925410766229,99.87396689028473,1,0.7034635543823242
S1,PSO,7,1,1,97.80975403435663,96.16906692994368,0,0.0,0,0.0,0.8203435522064747,96.29211846277465,1,0.7319624423980713
S1,PSO,8,1,1,97.80976464686185,96.16907610624847,0,0.0,0,0.0,0.8203442703066937,96.29212774679448,1,0.7265415191650391
S1,PSO,9,1,1,97.80978992489032,96.16909813135989,0,0.0,0,0.0,0.8203458967652207,96.29215001587467,1,0.775423526763916
S1,PSO,10,1,1,101.67062431916852,99.72824601514147,0,0.0,0,0.0,0.971189152013529,99.87392438794349,1,0.7582592964172363
S1,PSO,11,1,1,97.80987670455934,96.16917378856444,0,0.0,0,0.0,0.8203514579974565,96.29222650726406,1,0.742424488067627
S1,PSO,12,1,1,101.67068781221899,99.72830075518284,0,0.0,0,0.0,0.9711935285180684,99.87397978446056,1,1.138413667678833
S1,PSO,13,1,1,97.81624456856355,96.17457651536719,0,0.0,0,0.0,0.8208340265981766,96.29770161935691,1,1.2700226306915283
S1,PSO,14,1,1,97.8098364418525,96.16913735993009,0,0.0,0,0.0,0.8203495409612067,96.29218979107426,1,0.9333653450012207
S1,PSO,15,1,1,101.67065888826954,99.7282765126372,0,0.0,0,0.0,0.9711911878161711,99.87395519080962,1,0.744316577911377
S1,PSO,16,1,1,97.80977924348589,96.16908741932886,0,0.0,0,0.0,0.8203459120785181,96.29213930614064,1,0.712721586227417
S1,PSO,17,1,1,97.80975946828259,96.16907124724472,0,0.0,0,0.0,0.8203441105189389,96.29212286382256,1,0.7358992099761963
S1,PSO,18,1,1,97.80977237988576,96.1690819796132,0,0.0,0,0.0,0.8203452001362838,96.29213375963364,1,1.1718671321868896
S1,PSO,19,1,1,97.8097751312946,96.16908376264723,0,0.0,0,0.0,0.8203456843236822,96.29213561529579,1,0.9903380870819092
S1,PSO,20,1,1,97.80976201188525,96.16907372649862,0,0.0,0,0.0,0.8203441426933186,96.29212534790263,1,0.7405757904052734
S1,PSO,21,1,1,97.81009280507504,96.16933956388927,0,0.0,0,0.0,0.820376620592892,96.2923960569782,1,0.7085545063018799
S1,PSO,22,1,1,97.80979616908651,96.16910071528082,0,0.0,0,0.0,0.8203477269028473,96.29215287431624,1,0.7321991920471191
S1,PSO,23,1,1,101.67065651333434,99.72827427786959,0,0.0,0,0.0,0.9711911177323761,99.87395294552944,1,0.7398052215576172
S1,PSO,24,1,1,97.80983133596355,96.16913292062276,0,0.0,0,0.0,0.8203492076703992,96.29218530177332,1,0.7437560558319092
S1,PSO,25,1,1,101.67063139787996,99.72825212330963,0,0.0,0,0.0,0.9711896372851676,99.87393056890241,1,0.7174005508422852
S1,PSO,26,1,1,97.80984308830512,96.1691464116794,0,0.0,0,0.0,0.8203483383128534,96.29219866242633,1,0.8396725654602051
S1,PSO,27,1,1,97.80976177280085,96.16907375871816,0,0.0,0,0.0,0.8203440070413469,96.29212535977436,1,1.2279071807861328
S1,PSO,28,1,1,97.8097613650351,96.16907342605238,0,0.0,0,0.0,0.820343969491361,96.29212502147608,1,1.2532844543457031
S1,PSO,29,1,1,97.80977275270732,96.16908194353488,0,0.0,0,0.0,0.8203454045862196,96.2921337542228,1,0.7389044761657715
S1,PSO,30,1,1,97.8097958857498,96.16910391470572,0,0.0,0,0.0,0.8203459855220444,96.29215581253402,1,0.7290620803833008
S1,ABC,1,1,1,98.2376817279975,96.5405128222851,0,0.0,0,0.0,0.8485844528562041,96.66780049021352,1,1.6835007667541504
S1,ABC,2,1,1,98.97334356621313,97.12489718575628,0,0.0,0,0.0,0.9242231902284263,97.26353066429054,1,1.681241512298584
S1,ABC,3,1,1,98.84393473411183,97.06037342689362,0,0.0,0,0.0,0.8917806536091004,97.19414052493498,1,1.6844215393066406
S1,ABC,4,1,1,98.7360463799615,96.96162757248095,0,0.0,0,0.0,0.8872094037402726,97.094708983042,1,1.676215410232544
S1,ABC,5,1,1,98.69787016013423,96.93418648183678,0,0.0,0,0.0,0.8818418391487266,97.06646275770909,1,1.7006821632385254
S1,ABC,6,1,1,99.04417967039745,97.17591626600331,0,0.0,0,0.0,0.9341317021970732,97.31603602133288,1,2.8608527183532715
S1,ABC,7,1,1,98.18483303828536,96.50551243672982,0,0.0,0,0.0,0.8396603007777728,96.63146148184649,1,1.6749470233917236
S1,ABC,8,1,1,98.10988277405467,96.41135504580166,0,0.0,0,0.0,0.8492638641265053,96.53874462542063,1,1.677497386932373
S1,ABC,9,1,1,98.44608698365015,96.73784881396615,0,0.0,0,0.0,0.8541190848419965,96.86596667669245,1,1.671820878982544
S1,ABC,10,1,1,98.00000401107974,96.32982036113339,0,0.0,0,0.0,0.8350918249731784,96.45508413487936,1,1.686553955078125
S1,ABC,11,1,1,98.13161989631682,96.43275485574677,0,0.0,0,0.0,0.8494325202850274,96.56016973378952,1,1.6873588562011719
S1,ABC,12,1,1,98.40018514614965,96.69410079311768,0,0.0,0,0.0,0.8530421765159866,96.82205711959509,1,1.8050618171691895
S1,ABC,13,1,1,98.839292127345,97.01342216657187,0,0.0,0,0.0,0.9129349803865658,97.15036241362985,1,2.700615882873535
S1,ABC,14,1,1,98.29144691068026,96.56531704635924,0,0.0,0,0.0,0.8630649321605094,96.69477678618331,1,1.67795991897583
S1,ABC,15,1,1,98.2485866421801,96.54033524199781,0,0.0,0,0.0,0.8541257000911477,96.66845409701148,1,1.677260398864746
S1,ABC,16,1,1,98.7715961648844,96.97511570785814,0,0.0,0,0.0,0.8982402285131287,97.1098517421351,1,1.7007856369018555
S1,ABC,17,1,1,98.67158660291211,96.91341760836906,0,0.0,0,0.0,0.8790844972715306,97.0452802829598,1,1.677459716796875
S1,ABC,18,1,1,98.48406780566182,96.77294983722172,0,0.0,0,0.0,0.8555589842200553,96.90128368485472,1,1.7007708549499512
S1,ABC,19,1,1,98.0193025639129,96.35736488912843,0,0.0,0,0.0,0.8309688373922326,96.48201021473727,1,1.9737205505371094
S1,ABC,20,1,1,99.56410611679478,97.61420679714828,0,0.0,0,0.0,0.9749496598232477,97.76044924612177,1,2.5164637565612793
S1,ABC,21,1,1,98.45802973607687,96.72721134775827,0,0.0,0,0.0,0.8654091941592948,96.85702272688216,1,1.6868395805358887
S1,ABC,22,1,1,98.47471160433652,96.74611841999767,0,0.0,0,0.0,0.8642965921694239,96.87576290882309,1,1.692363977432251
S1,ABC,23,1,1,98.16444777186281,96.46733387913136,0,0.0,0,0.0,0.8485569463657269,96.59461742108621,1,1.6859471797943115
S1,ABC,24,1,1,99.87901142864685,97.94363493300868,0,0.0,0,0.0,0.9676882478190816,98.08878817018154,1,1.692260980606079
S1,ABC,25,1,1,99.6420300997612,97.7740118694019,0,0.0,0,0.0,0.9340091151796467,97.91411323667884,1,1.658750057220459
S1,ABC,26,1,1,99.10375482264998,97.3000359553969,0,0.0,0,0.0,0.9018594336265418,97.43531487044088,1,2.128872871398926
S1,ABC,27,1,1,99.74577995825325,97.81392178527274,0,0.0,0,0.0,0.9659290864902527,97.95881114824628,1,2.3840320110321045
S1,ABC,28,1,1,98.35512267908507,96.64133963773378,0,0.0,0,0.0,0.8568915206756458,96.76987336583512,1,1.686673641204834
S1,ABC,29,1,1,98.30116491275433,96.60210243215947,0,0.0,0,0.0,0.8495312402974294,96.72953211820409,1,1.6853203773498535
S1,ABC,30,1,1,98.3300532683394,96.62559905162877,0,0.0,0,0.0,0.8522271083553125,96.75343311788207,1,1.6649494171142578
S2,PSO,1,1,3,115.8703799168341,110.25515476954317,0,0.0,0,0.0,2.8076125736454625,110.67629665559,1,1.4262051582336426
S2,PSO,2,1,3,99.58531339095305,98.82117620384581,0,0.0,0,0.0,0.38206859355362205,98.87848649287885,1,1.830106258392334
S2,PSO,3,1,3,99.72502632785812,98.82018072830331,0,0.0,0,0.0,0.4524227997774024,98.88804414826993,1,1.8299634456634521
S2,PSO,4,1,3,99.73540290390599,98.8076451286037,0,0.0,0,0.0,0.4638788876511508,98.87722696175136,1,2.157726287841797
S2,PSO,5,1,3,99.77645937615104,98.81503670223212,0,0.0,0,0.0,0.48071133695945956,98.88714340277603,1,1.4126567840576172
S2,PSO,6,1,3,99.86927580818423,98.85577512923524,0,0.0,0,0.0,0.5067503394744961,98.93178768015642,1,1.4123737812042236
S2,PSO,7,1,3,99.82183908631251,98.84476700153672,0,0.0,0,0.0,0.4885360423878888,98.9180474078949,1,1.44688081741333
S2,PSO,8,1,3,96.4400559652967,95.60079790818686,0,0.0,0,0.0,0.4196290285549146,95.6637422624701,1,1.4003677368164062
S2,PSO,9,1,3,99.75225907983447,98.81405897784484,0,0.0,0,0.0,0.4691000509948164,98.88442398549407,1,1.4175240993499756
S2,PSO,10,1,3,117.21767608884676,110.76468403320389,0,0.0,0,0.0,3.2264960278214327,111.2486584373771,1,1.4218883514404297
S2,PSO,11,1,3,99.34404094180076,98.6762434417708,0,0.0,0,0.0,0.33389875001498476,98.72632825427304,1,1.8235971927642822
S2,PSO,12,1,3,100.23694427066235,99.23443409299416,0,0.0,0,0.0,0.5012550888340909,99.30962235631928,1,2.1666460037231445
S2,PSO,13,1,3,99.79416529955488,98.82618703550476,0,0.0,0,0.0,0.48398913202505683,98.89878540530852,1,1.4124724864959717
S2,PSO,14,1,3,99.41780053472579,98.73795088580977,0,0.0,0,0.0,0.33992482445800787,98.78893960947846,1,1.4061572551727295
S2,PSO,15,1,3,99.71191021607673,98.85000467633802,0,0.0,0,0.0,0.4309527698693587,98.91464759181842,1,1.4199864864349365
S2,PSO,16,1,3,117.11406258411746,111.06185068014909,0,0.0,0,0.0,3.0261059519841833,111.51576657294672,1,1.4361708164215088
S2,PSO,17,1,3,97.07632038934827,95.94462301152937,0,0.0,0,0.0,0.5658486889094484,96.02950031486579,1,1.4242756366729736
S2,PSO,18,1,3,99.91363516604548,98.9996237087314,0,0.0,0,0.0,0.4570057286570407,99.06817456802996,1,1.4265758991241455
S2,PSO,19,1,3,99.83629447332176,99.07392351483522,0,0.0,0,0.0,0.3811854792432744,99.13110133672171,1,1.7794792652130127
S2,PSO,20,1,3,99.74483135615915,98.83505043571759,0,0.0,0,0.0,0.4548904602207821,98.9032840047507,1,2.2321574687957764
S2,PSO,21,1,3,117.21462095356632,112.00518633842105,0,0.0,0,0.0,2.6047173075726326,112.39589393455695,1,1.403243064880371
S2,PSO,22,1,3,99.76340760321925,98.82463415346751,0,0.0,0,0.0,0.4693867248758665,98.89504216219889,1,1.4108800888061523
S2,PSO,23,1,3,99.73674158876501,98.83713429768947,0,0.0,0,0.0,0.44980364553776975,98.90460484452014,1,1.4192311763763428
S2,PSO,24,1,3,101.30822195191469,99.61652792983782,0,0.0,0,0.0,0.8458470110384403,99.74340498149358,1,1.4110238552093506
S2,PSO,25,1,3,99.80412117238328,98.82432016522009,0,0.0,0,0.0,0.4899005035815982,98.89780524075732,1,1.4170997142791748
S2,PSO,26,1,3,100.05738492065537,99.18618023636898,0,0.0,0,0.0,0.43560234214319105,99.25152058769046,1,1.4056992530822754
S2,PSO,27,1,3,97.37355766440143,96.03740028510006,0,0.0,0,0.0,0.6680786896506867,96.13761208854767,1,1.7142271995544434
S2,PSO,28,1,3,99.85747448843418,98.87077642153703,0,0.0,0,0.0,0.49334903344857095,98.94477877655432,1,2.28074312210083
S2,PSO,29,1,3,99.77300523656749,98.83276145377843,0,0.0,0,0.0,0.4701218913945278,98.90327973748761,1,1.425652027130127
S2,PSO,30,1,3,136.0380669032101,133.24971569138972,0,0.0,0,0.0,1.3941756059101862,133.45884203227627,1,1.3927390575408936
S2,ABC,1,1,3,102.97957227947872,101.23137421389616,0,0.0,0,0.0,0.874099032791275,101.36248906881485,1,3.1167492866516113
S2,ABC,2,1,3,102.1756392992791,100.66538437204161,0,0.0,0,0.0,0.7551274636187447,100.77865349158442,1,3.1226613521575928
S2,ABC,3,1,3,102.5867726860879,101.19033243625768,0,0.0,0,0.0,0.6982201249151119,101.29506545499494,1,4.328177213668823
S2,ABC,4,1,3,103.06091906092551,101.69046363312013,0,0.0,0,0.0,0.6852277139026904,101.79324779020554,1,3.150489330291748
S2,ABC,5,1,3,104.44657372318294,102.82828480961359,0,0.0,0,0.0,0.8091444567846717,102.94965647813129,1,3.116379499435425
S2,ABC,6,1,3,102.94533936952853,101.23049916241837,0,0.0,0,0.0,0.8574201035550819,101.35911217795163,1,3.4221978187561035
S2,ABC,7,1,3,103.05178932250435,101.82611739800183,0,0.0,0,0.0,0.612835962251262,101.91804279233952,1,4.002080917358398
S2,ABC,8,1,3,102.81804492732914,101.6036770641389,0,0.0,0,0.0,0.6071839315951163,101.69475465387818,1,3.1110031604766846
S2,ABC,9,1,3,103.31329422967869,102.1164518720779,0,0.0,0,0.0,0.5984211788003965,102.20621504889796,1,3.141589879989624
S2,ABC,10,1,3,104.49771452951089,102.17505436959668,0,0.0,0,0.0,1.1613300799571027,102.34925388159024,1,4.102328062057495
S2,ABC,11,1,3,105.80207134638188,102.90425767053495,0,0.0,0,0.0,1.4489068379234689,103.12159369622347,1,3.358660936355591
S2,ABC,12,1,3,104.86837336406325,102.59063429100212,0,0.0,0,0.0,1.1388695365305628,102.7614647214817,1,3.111262798309326
S2,ABC,13,1,3,104.24963250445796,102.66840475421212,0,0.0,0,0.0,0.7906138751229229,102.78699683548055,1,3.1025679111480713
S2,ABC,14,1,3,103.33650368729526,101.81388501018479,0,0.0,0,0.0,0.7613093385552369,101.92808141096808,1,4.293232679367065
S2,ABC,15,1,3,105.94106946606095,104.24423956967954,0,0.0,0,0.0,0.8484149481907087,104.37150181190815,1,3.089216709136963
S2,ABC,16,1,3,103.53064967250843,102.07896765842483,0,0.0,0,0.0,0.7258410070417981,102.1878438094811,1,3.0941765308380127
S2,ABC,17,1,3,104.26942636706447,101.66015438098655,0,0.0,0,0.0,1.3046359930389595,101.8558497799424,1,3.2110090255737305
S2,ABC,18,1,3,105.39490910388801,103.32997386824172,0,0.0,0,0.0,1.032467617823142,103.4848440109152,1,4.143719434738159
S2,ABC,19,1,3,103.56267023102734,101.59076733232239,0,0.0,0,0.0,0.9859514493524764,101.73866004972525,1,3.10009765625
S2,ABC,20,1,3,102.93663607285004,101.72258693936811,0,0.0,0,0.0,0.6070245667409595,101.81364062437926,1,3.1257858276367188
S2,ABC,21,1,3,102.18596771732386,100.55486343920865,0,0.0,0,0.0,0.8155521390576068,100.67719626006729,1,3.869584321975708
S2,ABC,22,1,3,103.17779724486859,101.13588038591197,0,0.0,0,0.0,1.0209584294783043,101.28902415033372,1,3.4806418418884277
S2,ABC,23,1,3,103.59900950174554,101.94378197822886,0,0.0,0,0.0,0.82761376175834,102.0679240424926,1,3.123744249343872
S2,ABC,24,1,3,104.37961368979087,102.34578895961877,0,0.0,0,0.0,1.0169123650860514,102.49832581438169,1,3.1024649143218994
S2,ABC,25,1,3,104.30548155942293,101.88619768987789,0,0.0,0,0.0,1.2096419347725225,102.06764398009376,1,4.275658369064331
S2,ABC,26,1,3,105.93916346306756,104.69701306811601,0,0.0,0,0.0,0.6210751974757739,104.79017434773738,1,3.1329410076141357
S2,ABC,27,1,3,103.89987226301615,101.8908094099521,0,0.0,0,0.0,1.004531426532029,102.0414891239319,1,3.0918216705322266
S2,ABC,28,1,3,103.23249715044591,101.59266919250548,0,0.0,0,0.0,0.819913978970211,101.71565628935102,1,3.094306468963623
S2,ABC,29,1,3,105.23801647977194,102.94121888149215,0,0.0,0,0.0,1.1483987991398992,103.11347870136314,1,4.319497108459473
S2,ABC,30,1,3,103.35268840832505,101.44003288258047,0,0.0,0,0.0,0.9563277628722903,101.58348204701132,1,3.0992038249969482
S3,PSO,1,3,1,368.9991442110159,361.2985923137048,0,0.0,0,0.0,3.8502759486555727,361.8761337060031,1,9.285542011260986
S3,PSO,2,3,1,346.2826934969458,340.63914693127475,0,0.0,0,0.0,2.821773282835511,341.0624129237001,1,8.12566876411438
S3,PSO,3,3,1,343.3168768504279,338.47686771944325,0,0.0,0,0.0,2.4200045654923263,338.8398684042671,1,9.27786111831665
S3,PSO,4,3,1,343.64336882625935,338.76557708115956,0,0.0,0,0.0,2.4388958725498955,339.131411462042,1,9.250918626785278
S3,PSO,5,3,1,381.7028664381365,373.2591793180204,0,0.0,0,0.0,4.221843560058037,373.8924558520291,1,8.550400018692017
S3,PSO,6,3,1,343.916595614047,339.0066957586213,0,0.0,0,0.0,2.4549499277128777,339.37493824777823,1,8.702109336853027
S3,PSO,7,3,1,343.88336853634473,338.9829207315089,0,0.0,0,0.0,2.450223902417906,339.3504543168716,1,9.369166135787964
S3,PSO,8,3,1,344.57583167163904,339.2484650242536,0,0.0,0,0.0,2.663683323692699,339.64801752280755,1,9.328292846679688
S3,PSO,9,3,1,336.2715344281914,331.9146295439451,0,0.0,0,0.0,2.1784524421231226,332.2413974102636,1,8.153602600097656
S3,PSO,10,3,1,407.79828583638755,396.12722400706036,0,0.0,0,0.0,5.8355309146636065,397.0025536442599,1,9.243862628936768
S3,PSO,11,3,1,366.5466548938297,359.28813212386854,0,0.0,0,0.0,3.6292613849805817,359.8325213316156,1,9.243655920028687
S3,PSO,12,3,1,343.4052923176951,338.5552336273906,0,0.0,0,0.0,2.425029345152262,338.9189880291634,1,8.339022636413574
S3,PSO,13,3,1,343.3356217656782,338.4930709501976,0,0.0,0,0.0,2.421275407740296,338.8562622613586,1,9.018723487854004
S3,PSO,14,3,1,345.9481002318614,340.5581436657319,0,0.0,0,0.0,2.6949782830647635,340.9623904081916,1,9.30833625793457
S3,PSO,15,3,1,340.1942836849788,335.3530280169939,0,0.0,0,0.0,2.4206278339924534,335.71612219209277,1,9.265820264816284
S3,PSO,16,3,1,337.4802376488546,333.00431028197886,0,0.0,0,0.0,2.237963683437857,333.34000483449455,1,8.093968152999878
S3,PSO,17,3,1,360.9921510031547,352.84363628324274,0,0.0,0,0.0,4.074257359955972,353.4547748872361,1,9.295831680297852
S3,PSO,18,3,1,391.8542792582255,382.71025334194906,0,0.0,0,0.0,4.572012958138223,383.3960552856698,1,9.28807806968689
S3,PSO,19,3,1,391.19034441880007,382.1238794348224,0,0.0,0,0.0,4.533232491988835,382.80386430862075,1,8.10044002532959
S3,PSO,20,3,1,343.5613943931053,338.6948195528013,0,0.0,0,0.0,2.433287420151998,339.0598126658241,1,9.266139030456543
S3,PSO,21,3,1,399.4238743349584,388.3402312077089,0,0.0,0,0.0,5.541821563624756,389.17150444225257,1,9.279031038284302
S3,PSO,22,3,1,370.39461499135206,361.96750604228293,0,0.0,0,0.0,4.213554474534564,362.5995392134631,1,9.048052072525024
S3,PSO,23,3,1,334.7477521805656,330.67313951306966,0,0.0,0,0.0,2.0373063337479786,330.97873546313184,1,8.242326021194458
S3,PSO,24,3,1,340.98516391310284,335.92401020263384,0,0.0,0,0.0,2.530576855234487,336.303596730919,1,9.281659841537476
S3,PSO,25,3,1,343.5025432115914,338.6400180664434,0,0.0,0,0.0,2.4312625725739854,339.0047074523295,1,9.296744346618652
S3,PSO,26,3,1,371.18763228325645,363.08350987470004,0,0.0,0,0.0,4.052061204278214,363.69131905534175,1,8.12148642539978
S3,PSO,27,3,1,365.1147124171877,357.2587670647329,0,0.0,0,0.0,3.927972676227385,357.847962966167,1,9.327181577682495
S3,PSO,28,3,1,350.5161450571335,344.8360754837346,0,0.0,0,0.0,2.8400347866994338,345.2620807017395,1,9.259636402130127
S3,PSO,29,3,1,406.8037693713476,396.74042606876094,0,0.0,0,0.0,5.031671651293328,397.49517681645494,1,8.733547687530518
S3,PSO,30,3,1,344.0242960602543,339.11254415350595,0,0.0,0,0.0,2.4558759533741825,339.4809255465121,1,8.559151887893677
S3,ABC,1,3,1,370.43578123821027,362.73243939653145,0,0.0,0,0.0,3.8516709208394,363.31019003465735,1,19.124340057373047
S3,ABC,2,3,1,382.08936723047145,372.52422691173854,0,0.0,0,0.0,4.78257015936647,373.2416124356435,1,18.011502981185913
S3,ABC,3,3,1,370.75739800270173,362.6343752182376,0,0.0,0,0.0,4.06151139223205,363.2436019270724,1,19.058008670806885
S3,ABC,4,3,1,374.4705267370894,366.16601573132687,0,0.0,0,0.0,4.152255502881273,366.7888540567591,1,17.81668257713318
S3,ABC,5,3,1,373.0590615393846,365.07213578400854,0,0.0,0,0.0,3.993462877688011,365.6711552156617,1,18.53497004508972
S3,ABC,6,3,1,376.0457817335708,367.71388186491237,0,0.0,0,0.0,4.165949934329204,368.33877435506173,1,18.55756711959839
S3,ABC,7,3,1,372.4352704741277,364.061080946936,0,0.0,0,0.0,4.187094763595866,364.6891451614754,1,17.98184370994568
S3,ABC,8,3,1,370.4733464287053,362.5525803804376,0,0.0,0,0.0,3.960383024133873,363.14663783405763,1,19.147937059402466
S3,ABC,9,3,1,363.3654033732977,356.3071563038586,0,0.0,0,0.0,3.5291235347195413,356.83652483406655,1,18.04040217399597
S3,ABC,10,3,1,367.90388168730334,360.44163700842273,0,0.0,0,0.0,3.731122339440306,361.0013053593388,1,19.091533422470093
S3,ABC,11,3,1,377.33344481221013,368.29098160110794,0,0.0,0,0.0,4.521231605551103,368.9691663419406,1,17.972517490386963
S3,ABC,12,3,1,364.75406578495097,357.39877023379915,0,0.0,0,0.0,3.6776477755759047,357.95041740013556,1,19.04442572593689
S3,ABC,13,3,1,357.9912941875282,351.34225569033583,0,0.0,0,0.0,3.324519248596178,351.84093357762526,1,17.821731567382812
S3,ABC,14,3,1,373.68525540709857,365.2618805030418,0,0.0,0,0.0,4.2116874520283805,365.89363362084606,1,19.06693124771118
S3,ABC,15,3,1,375.41612451697006,366.75288565117546,0,0.0,0,0.0,4.331619432897291,367.4026285661101,1,18.045769691467285
S3,ABC,16,3,1,372.2083742282812,363.7858435111817,0,0.0,0,0.0,4.211265358549715,364.4175333149642,1,19.12936043739319
S3,ABC,17,3,1,385.3967569337593,375.8778803863497,0,0.0,0,0.0,4.759438273704816,376.5917961274054,1,17.877467155456543
S3,ABC,18,3,1,370.57661216187364,362.8868664619982,0,0.0,0,0.0,3.8448728499377323,363.4635973894888,1,18.249704599380493
S3,ABC,19,3,1,363.63977654967994,356.47074368155194,0,0.0,0,0.0,3.584516434063991,357.00842114666153,1,18.672448873519897
S3,ABC,20,3,1,375.2085564886797,365.0983947971831,0,0.0,0,0.0,5.055080845748288,365.85665692404535,1,17.932013511657715
S3,ABC,21,3,1,356.73092681173614,348.50476646207306,0,0.0,0,0.0,4.1130801748315315,349.1217284882978,1,19.13031554222107
S3,ABC,22,3,1,369.0033789241874,361.3328118237308,0,0.0,0,0.0,3.8352835502282865,361.9081043562651,1,18.01872682571411
S3,ABC,23,3,1,371.1446410460886,363.14657259993425,0,0.0,0,0.0,3.9990342230771776,363.7464277333958,1,19.166366815567017
S3,ABC,24,3,1,371.1696925873468,361.4567732753642,0,0.0,0,0.0,4.856459655991313,362.1852422237629,1,17.995715379714966
S3,ABC,25,3,1,368.1538263026936,359.1373763226736,0,0.0,0,0.0,4.508224990009965,359.8136100711751,1,19.193342924118042
S3,ABC,26,3,1,373.8568675245405,365.51407748088195,0,0.0,0,0.0,4.17139502182927,366.13978673415636,1,17.918951988220215
S3,ABC,27,3,1,378.8452575560112,370.1259209327094,0,0.0,0,0.0,4.359668311650886,370.779871179457,1,19.20066785812378
S3,ABC,28,3,1,377.030590270036,368.3299906322829,0,0.0,0,0.0,4.350299818876563,368.9825356051144,1,18.1334285736084
S3,ABC,29,3,1,370.6837488698913,362.6189890695967,0,0.0,0,0.0,4.032379900147293,363.2238460546188,1,19.227463960647583
S3,ABC,30,3,1,368.92337144577834,361.2039702632978,0,0.0,0,0.0,3.8597005912402915,361.7829253519838,1,17.984038829803467
S4,PSO,1,3,3,840.9916087207431,762.7767773940789,0,0.0,0,0.0,39.10741566333214,768.6428897435787,1,11.514289617538452
S4,PSO,2,3,3,571.0735619439142,540.7990650734487,0,0.0,0,0.0,15.137248435232804,543.0696523387336,1,11.437302827835083
S4,PSO,3,3,3,625.5102708946941,597.8558718874253,0,0.0,0,0.0,13.827199503634409,599.9299518129704,1,11.431637048721313
S4,PSO,4,3,3,431.8735354684935,418.4051122477841,0,0.0,0,0.0,6.734211610354729,419.4152439893373,1,11.573936939239502
S4,PSO,5,3,3,507.37129659595047,491.07140631219755,0,0.0,0,0.0,8.14994514187645,492.293898083479,1,10.885008096694946
S4,PSO,6,3,3,536.5915325223339,523.4170988000234,0,0.0,0,0.0,6.587216861155266,524.4051813291967,1,10.339653253555298
S4,PSO,7,3,3,805.0005160839053,756.4619040001002,0,0.0,0,0.0,24.269306041902546,760.1022999063855,1,11.344537734985352
S4,PSO,8,3,3,563.628077531393,536.5142660902791,0,0.0,0,0.0,13.55690572055696,538.5478019483626,1,11.24638032913208
S4,PSO,9,3,3,418.77313640302043,404.489883042777,0,0.0,0,0.0,7.141626680121714,405.5611270447953,1,11.461201667785645
S4,PSO,10,3,3,651.8209703730756,628.7608165895167,0,0.0,0,0.0,11.530076891779444,630.4903281232836,1,11.108770847320557
S4,PSO,11,3,3,752.6022480353638,705.2019795656404,0,0.0,0,0.0,23.70013423486168,708.7569997008696,1,11.384819269180298
S4,PSO,12,3,3,701.8167960942825,654.7349261280461,0,0.0,0,0.0,23.540934983118156,658.2660663755139,1,11.466672420501709
S4,PSO,13,3,3,470.06026374723876,462.87167468160055,0,0.0,0,0.0,3.594294532819095,463.4108188615234,1,11.312714338302612
S4,PSO,14,3,3,490.25936963025225,484.3856852856443,0,0.0,0,0.0,2.936842172303982,484.8262116114899,1,10.166320562362671
S4,PSO,15,3,3,49583.214692476955,630.8025095506355,1,3.8923743884140425,0,0.0,14.334149392951366,632.9526319595782,0,10.988244533538818
S4,PSO,16,3,3,431.079612338384,410.65435497357305,0,0.0,0,0.0,10.212628682405471,412.18624927593385,1,11.414599657058716
S4,PSO,17,3,3,527.5963264603769,504.305040206978,0,0.0,0,0.0,11.645643126699426,506.0518866759829,1,11.440512657165527
S4,PSO,18,3,3,537.363043654923,519.8039888757992,0,0.0,0,0.0,8.77952738956189,521.1209179842334,1,11.120109796524048
S4,PSO,19,3,3,524.9086617538564,502.4721044994038,0,0.0,0,0.0,11.218278627226315,504.15484629348776,1,11.295958518981934
S4,PSO,20,3,3,502.84585386560025,495.20361547257687,0,0.0,0,0.0,3.8211191965117015,495.7767833520536,1,11.052846908569336
S4,PSO,21,3,3,386.240479679568,375.2180724282424,0,0.0,0,0.0,5.511203625662812,376.0447529720918,1,11.414808750152588
S4,PSO,22,3,3,467.00032958141196,458.9643288475952,0,0.0,0,0.0,4.018000366908385,459.5670289026315,1,11.343909978866577
S4,PSO,23,3,3,473.93879938992796,464.8008404781517,0,0.0,0,0.0,4.568979455888129,465.48618739653494,1,10.106361389160156
S4,PSO,24,3,3,460.83142863600057,450.8715389364029,0,0.0,0,0.0,4.979944849798852,451.6185306638727,1,11.185908555984497
S4,PSO,25,3,3,459.62072740901436,444.80192958179845,0,0.0,0,0.0,7.40939891360797,445.91333941883966,1,11.46720290184021
S4,PSO,26,3,3,355.2831239409445,348.61567584255744,0,0.0,0,0.0,3.3337240491935463,349.1157344499365,1,11.494534969329834
S4,PSO,27,3,3,486.18318793113525,484.89431581950527,0,0.0,0,0.0,0.6444360558149838,484.9909812278775,1,11.086380958557129
S4,PSO,28,3,3,457.5301419157948,444.4790588632991,0,0.0,0,0.0,6.525541526247836,445.45789009223625,1,11.51962399482727
S4,PSO,29,3,3,399.2695001894465,389.35907515940676,0,0.0,0,0.0,4.955212515019859,390.1023570366597,1,11.430930376052856
S4,PSO,30,3,3,492.6273127501001,486.4092112512683,0,0.0,0,0.0,3.1090507494159074,486.87556886368066,1,11.113750457763672
S4,ABC,1,3,3,508.3234816953885,480.39224752051297,0,0.0,0,0.0,13.965617087437769,482.48709008362863,1,23.314655303955078
S4,ABC,2,3,3,520.3688734806556,470.29584274929414,0,0.0,0,0.0,25.036515365680696,474.05132005414623,1,22.600556135177612
S4,ABC,3,3,3,465.8889382154305,445.787803362856,0,0.0,0,0.0,10.050567426287271,447.2953884767991,1,23.60744547843933
S4,ABC,4,3,3,482.8931088310642,458.0417921011609,0,0.0,0,0.0,12.42565836495163,459.90564085590364,1,23.579187631607056
S4,ABC,5,3,3,456.80030620771777,439.7830933839566,0,0.0,0,0.0,8.508606411880566,441.0593843457387,1,23.65597677230835
S4,ABC,6,3,3,459.2690594124836,443.7014836933439,0,0.0,0,0.0,7.783787859569862,444.8690518722794,1,23.588508129119873
S4,ABC,7,3,3,495.0927636261177,467.32828894721297,0,0.0,0,0.0,13.882237339452352,469.41062454813084,1,23.561991691589355
S4,ABC,8,3,3,477.97273462146484,451.4360299495693,0,0.0,0,0.0,13.268352335947775,453.4262827999614,1,22.505901098251343
S4,ABC,9,3,3,454.4094516466575,431.20092007837167,0,0.0,0,0.0,11.604265784142918,432.9415599459931,1,23.159468173980713
S4,ABC,10,3,3,439.2162209913824,423.39567645098987,0,0.0,0,0.0,7.91027227019626,424.5822172915193,1,23.44537878036499
S4,ABC,11,3,3,504.7149530548612,472.81636173633774,0,0.0,0,0.0,15.949295659261722,475.208756085227,1,23.45171022415161
S4,ABC,12,3,3,489.0119849601169,440.9770543454563,0,0.0,0,0.0,24.017465307330298,444.5796741415558,1,23.576127290725708
S4,ABC,13,3,3,485.5059472701663,465.02802140944044,0,0.0,0,0.0,10.238962930362927,466.5638658489949,1,23.470082998275757
S4,ABC,14,3,3,442.79938915210363,420.78009421618106,0,0.0,0,0.0,11.009647467961292,422.43154133637523,1,22.80146288871765
S4,ABC,15,3,3,468.0249896597476,439.05701340970364,0,0.0,0,0.0,14.483988125021977,441.22961162845695,1,22.999723196029663
S4,ABC,16,3,3,468.41063758259526,452.80016219408236,0,0.0,0,0.0,7.805237694256439,453.9709478482208,1,23.530699729919434
S4,ABC,17,3,3,477.2266482688835,454.41728176802684,0,0.0,0,0.0,11.40468325042833,456.1279842555911,1,23.46151041984558
S4,ABC,18,3,3,494.7987138544713,450.26314998692624,0,0.0,0,0.0,22.26778193377253,453.60331727699213,1,23.441734790802002
S4,ABC,19,3,3,466.46470077027385,448.9913909372482,0,0.0,0,0.0,8.736654916512823,450.3018891747251,1,23.39327645301819
S4,ABC,20,3,3,440.90449530106895,419.47019505243907,0,0.0,0,0.0,10.717150124314946,421.0777675710863,1,23.280114889144897
S4,ABC,21,3,3,474.06929217076276,453.6982524165628,0,0.0,0,0.0,10.18551987709997,455.2260803981278,1,22.427024841308594
S4,ABC,22,3,3,435.63714052493043,428.35844437016476,0,0.0,0,0.0,3.639348077382822,428.9043465817722,1,23.52034831047058
S4,ABC,23,3,3,451.5259457083045,439.16510664768157,0,0.0,0,0.0,6.180419530311462,440.0921695772283,1,23.41155171394348
S4,ABC,24,3,3,483.5036773536894,458.68471643493,0,0.0,0,0.0,12.409480459379692,460.54613850383697,1,23.310569286346436
S4,ABC,25,3,3,494.7500476987689,477.7316201537925,0,0.0,0,0.0,8.509213772488199,479.00800221966574,1,23.57190704345703
S4,ABC,26,3,3,484.9864518898159,467.7657810544315,0,0.0,0,0.0,8.610335417692198,469.05733136708534,1,23.480558156967163
S4,ABC,27,3,3,466.77481420694943,442.3943042245339,0,0.0,0,0.0,12.190254991207759,444.2228424732151,1,22.280064582824707
S4,ABC,28,3,3,474.46274672145825,456.4766559076292,0,0.0,0,0.0,8.99304540691453,457.8256127186664,1,23.58440589904785
S4,ABC,29,3,3,489.5631879851553,468.6833181817866,0,0.0,0,0.0,10.43993490168435,470.24930841703923,1,23.578420639038086
S4,ABC,30,3,3,495.08127499172724,461.84986457242013,0,0.0,0,0.0,16.61570520965354,464.3422203538682,1,23.687379360198975
S5,PSO,1,5,3,1886.5625846471662,1324.6005435827865,0,0.0,1,0.051225017438240705,70.73601704454181,1335.2109461394678,0,22.5535626411438
S5,PSO,2,5,3,1163.3408654694424,1038.8386444104137,0,0.0,0,0.0,62.251110529514314,1048.1763109898409,1,21.602937936782837
S5,PSO,3,5,3,4149.442849805096,1395.2606029040608,0,0.0,2,4.575517698183825,61.987583813752195,1404.5587404761236,0,22.114243030548096
S5,PSO,4,5,3,904.5513118433049,867.140024170825,0,0.0,0,0.0,18.705643836239958,869.945870746261,1,22.010123252868652
S5,PSO,5,5,3,2619.826519224354,931.200214306167,0,0.0,1,3.132965592957099,17.72003386767375,933.8582193863181,0,21.963030338287354
S5,PSO,6,5,3,872.2850342214759,821.6474047170702,0,0.0,0,0.0,25.318814752202833,825.4452269299006,1,21.394763231277466
S5,PSO,7,5,3,44108.76464678465,1108.088460400048,1,3.2064155600403,1,1.074916997904145,53.27689340996943,1116.0799944115433,0,22.2280695438385
S5,PSO,8,5,3,1251.6101203082872,1174.9381356240178,0,0.0,0,0.0,38.33599234213468,1180.688534475338,1,22.38757562637329
S5,PSO,9,5,3,27349.123150715892,836.9011011219222,1,1.6467175731620225,0,0.0,22.523158986873486,840.2795749699533,0,22.307751178741455
S5,PSO,10,5,3,79925.75855481176,1565.2815882195255,2,4.762734097523097,7,19.464174365571704,73.7331225662941,1576.3415566044696,0,21.461236238479614
S5,PSO,11,5,3,27679.70673285712,1146.8785964819986,1,1.6467175731620225,0,0.0,32.82620237745019,1151.8025268386161,0,22.02247428894043
S5,PSO,12,5,3,61276.28292410489,1286.3710640368054,1,4.745507782517384,1,4.903447907547714,86.72743593758237,1299.3801794274427,0,22.472123384475708
S5,PSO,13,5,3,2936.002096198344,1213.2017744865286,0,0.0,1,2.9508705270618734,71.22605544353307,1223.8856828030587,0,22.330389499664307
S5,PSO,14,5,3,3290.677414334501,1221.520859830276,0,0.0,1,3.808267161464258,72.92484495926092,1232.4595865741653,0,21.12422227859497
S5,PSO,15,5,3,2719.2184105375864,1066.4809592294773,0,0.0,2,1.8284261737786682,60.68349089832092,1075.5834828642255,0,22.262623071670532
S5,PSO,16,5,3,4621.663205210356,1242.3623975196974,0,0.0,2,6.144806495936935,60.689104657942316,1251.4657632183887,0,22.43679642677307
S5,PSO,17,5,3,37315.29022975952,1256.8649606509155,1,2.482174116964911,1,1.835381317633197,51.26578620310683,1264.5548285813816,0,22.2164089679718
S5,PSO,18,5,3,2017.6985145800954,1096.8348312191683,0,0.0,1,1.057648794761902,48.90208272808304,1104.1701436283809,0,21.351157665252686
S5,PSO,19,5,3,888.704880293321,839.1357331282926,0,0.0,0,0.0,24.784573582514202,842.8534191656697,1,22.164655208587646
S5,PSO,20,5,3,2326.459889267158,1269.5217929358225,0,0.0,1,1.297818517937591,68.9053445781495,1279.8575946225449,0,22.497084617614746
S5,PSO,21,5,3,971.4611044455124,931.2302348012691,0,0.0,0,0.0,20.11543482212163,934.2475500245874,1,22.163525342941284
S5,PSO,22,5,3,927.3519224481624,896.7630381470323,0,0.0,0,0.0,15.294442150565082,899.057204469617,1,20.902878522872925
S5,PSO,23,5,3,1076.8598203027227,989.6297392718766,0,0.0,0,0.0,43.615040515423054,996.1719953491901,1,22.455042362213135
S5,PSO,24,5,3,2243.02313042055,1402.5748850500174,0,0.0,1,0.7319290173380013,73.83831921766586,1413.6506329326673,0,22.682475566864014
S5,PSO,25,5,3,1453.325137237939,1306.841043594571,0,0.0,0,0.0,73.2420468216841,1317.8273506178236,1,22.518811464309692
S5,PSO,26,5,3,3966.2105743029006,1391.8999345373027,0,0.0,2,4.113343714756314,64.48657693153599,1401.572921077033,0,21.130619525909424
S5,PSO,27,5,3,2112.053969282697,1267.6084861508848,0,0.0,1,0.7997430337522236,62.27413481546144,1276.949606373204,0,22.769731521606445
S5,PSO,28,5,3,1360.976296130337,1235.0868197710142,0,0.0,0,0.0,62.9447381796614,1244.5285304979634,1,22.990700006484985
S5,PSO,29,5,3,2493.67981151956,1180.2497592265463,0,0.0,1,1.9212472026055494,72.46558562539707,1191.119597070356,0,22.802470445632935
S5,PSO,30,5,3,2007.8121046139597,1168.1196509792735,0,0.0,1,0.8207983413100175,55.68655855533966,1176.4726347625744,0,22.332117319107056
S5,ABC,1,5,3,4255.5100199345525,961.8516462057979,0,0.0,3,4.940555428611283,58.71810114212077,970.659361377116,0,44.547715187072754
S5,ABC,2,5,3,8259.583332872631,956.0962338690593,0,0.0,6,11.99674959178407,52.393631144971636,963.9552785408051,0,45.83876037597656
S5,ABC,3,5,3,4340.148435057299,941.3534632076273,0,0.0,3,5.2498666510010175,49.42415572463216,948.7670865663222,0,44.47469878196716
S5,ABC,4,5,3,5651.941321614166,1208.927280182919,0,0.0,4,6.728698036158031,75.76741348401724,1220.2923922055215,0,45.687286138534546
S5,ABC,5,5,3,7687.121727318345,1133.2531225536013,0,0.0,4,12.04817172929182,67.299956524008,1143.3481160322026,0,44.708333253860474
S5,ABC,6,5,3,10822.608076546148,1127.001651051718,0,0.0,6,17.814922555197025,84.81870170781117,1139.7244563078896,0,45.28557467460632
S5,ABC,7,5,3,7852.058300222855,866.0558759331982,0,0.0,5,12.1871860122234,55.564009700148816,874.3904773882205,0,45.8056206703186
S5,ABC,8,5,3,5361.92895172198,948.0211943324817,0,0.0,5,5.74075766173707,58.80234634733536,956.841546284582,0,44.73515486717224
S5,ABC,9,5,3,5798.570064934548,1254.7700450006682,0,0.0,3,8.026545159382682,66.59097809040328,1264.7586917142287,0,45.74394106864929
S5,ABC,10,5,3,3432.885920345823,921.534398436771,0,0.0,2,4.0058198216200385,54.511796630518084,929.7111679313487,0,44.55775547027588
S5,ABC,11,5,3,6695.592773240425,898.4913427686241,0,0.0,5,9.283096552331035,41.931404769693486,904.7810534840781,0,45.79287099838257
S5,ABC,12,5,3,7805.711423395414,943.7359480671378,0,0.0,5,11.97603624691623,35.7804882808922,949.1030213092716,0,45.99152421951294
S5,ABC,13,5,3,4941.62933700691,987.059770281303,0,0.0,3,6.643619154067938,48.56095254921603,994.3439131636854,0,44.82229399681091
S5,ABC,14,5,3,5850.2742373344045,989.8381336894204,0,0.0,3,8.8654262223159,57.13280735931203,998.4080547933172,0,46.138427734375
S5,ABC,15,5,3,5854.938823234509,933.7820172984952,0,0.0,2,10.074595784031109,45.65924616178523,940.630904222763,0,45.02520942687988
S5,ABC,16,5,3,4717.12194924785,1017.1943994548014,0,0.0,3,5.9938103768156905,51.201699533386126,1024.8746543848094,0,46.116846799850464
S5,ABC,17,5,3,4030.682803942202,1054.438662544261,0,0.0,3,4.157672195513217,56.58763159632718,1062.92680728371,0,45.89273452758789
S5,ABC,18,5,3,4930.420856615093,934.3651256484059,0,0.0,3,6.783003667517122,41.427131979918904,940.5791954453937,0,44.946643352508545
S5,ABC,19,5,3,9959.237522865295,937.6625194845661,0,0.0,6,16.25894090893744,58.999319902875555,946.5124174699974,0,46.19266867637634
S5,ABC,20,5,3,934.3020963652951,868.3675963988821,0,0.0,0,0.0,32.9672499832065,873.3126838963631,1,44.86987638473511
S5,ABC,21,5,3,972.9291043938125,891.4379961668178,0,0.0,0,0.0,40.74555411349737,897.5498292838424,1,46.00255250930786
S5,ABC,22,5,3,3356.5586284190654,1008.988484410625,0,0.0,1,4.465069369053058,80.77119819360858,1021.1041641396663,0,45.72406339645386
S5,ABC,23,5,3,2770.927120602554,960.278053780938,0,0.0,2,2.2680943482248344,51.70566376584107,968.0339033458141,0,45.27090287208557
S5,ABC,24,5,3,1795.2725157978086,1063.4670967829209,0,0.0,1,0.4891659520801559,68.06951909141262,1073.6775246466327,0,45.73842692375183
S5,ABC,25,5,3,3923.8163227067107,1058.2615725217292,0,0.0,3,3.771556192861558,78.46613652017925,1070.0314929997562,0,44.575353384017944
S5,ABC,26,5,3,956.8758076421004,877.9897166714798,0,0.0,0,0.0,39.44304548531031,883.9061734942763,1,46.13858485221863
S5,ABC,27,5,3,4763.8286637143665,1080.504430122072,0,0.0,2,6.906384051853804,60.385306425386176,1089.56222608588,0,44.97999978065491
S5,ABC,28,5,3,5201.790993799515,996.3105006239972,0,0.0,3,7.260227829388415,50.69468071007559,1003.9147027305086,0,45.300018310546875
S5,ABC,29,5,3,2807.762395655752,1175.3841790779409,0,0.0,1,2.707389149292914,74.71127843032266,1186.5908708424893,0,45.82837772369385
S5,ABC,30,5,3,3628.123416700428,965.6658549476803,0,0.0,2,4.428223817576738,45.58401736102653,972.5034575518342,0,44.35410213470459
